id,dataset_name,category,file_size_mb,created_at
1,Customer Churn V2_001,Security,2973.9,2025-01-04 20:57:13
2,Traffic Volume Logs_002,Sales,1426.91,2024-07-20 05:05:44
3,Twitter Sentiment Analysis_003,Sales,4523.58,2024-07-22 14:40:20
4,Twitter Sentiment Analysis_004,Security,1108.59,2025-02-14 17:24:14
5,Employee Retention Data_005,Environment,3142.66,2024-09-24 17:08:02
6,E-commerce Transactions_006,Social Media,1791.47,2024-04-24 09:59:51
7,Traffic Volume Logs_007,Environment,2032.55,2025-10-12 09:32:34
8,Customer Churn V2_008,Real Estate,2310.13,2025-11-05 05:06:13
9,Movie Ratings Database_009,Healthcare,3590.16,2025-06-26 08:04:38
10,Employee Retention Data_010,Healthcare,2551.81,2024-12-21 14:37:48
11,Employee Retention Data_011,Social Media,3003.09,2025-10-20 18:14:25
12,Global Temperatures 2024_012,Social Media,2814.72,2025-01-03 16:33:11
13,Movie Ratings Database_013,Operations,442.75,2024-07-24 20:22:17
14,Stock Market Trends_014,Finance,891.37,2025-10-26 20:26:07
15,Global Temperatures 2024_015,Environment,489.31,2025-07-30 04:19:26
16,E-commerce Transactions_016,Operations,503.73,2024-09-23 21:54:30
17,Customer Churn V2_017,Social Media,406.66,2025-01-14 22:20:51
18,Stock Market Trends_018,Sales,1553.93,2025-09-10 17:36:34
19,Stock Market Trends_019,Operations,3893.23,2024-09-13 18:00:15
20,Housing Prices Cleaned_020,Healthcare,2593.28,2024-02-15 09:46:03
21,Movie Ratings Database_021,Operations,4014.89,2024-05-07 08:48:28
22,Retail Sales Q3_022,Security,4531.38,2025-07-06 13:00:21
23,E-commerce Transactions_023,Finance,1556.96,2025-01-25 18:17:12
24,Global Temperatures 2024_024,Healthcare,4646.27,2025-03-25 05:08:13
25,E-commerce Transactions_025,Healthcare,2020.88,2024-07-26 09:07:44
26,Movie Ratings Database_026,Sales,3321.63,2024-03-24 00:01:09
27,Global Temperatures 2024_027,Healthcare,4732.35,2025-09-25 19:28:03
28,Patient Health Records_028,Social Media,3398.59,2025-12-03 18:30:53
29,Housing Prices Cleaned_029,Environment,4468.33,2024-03-30 21:28:41
30,Twitter Sentiment Analysis_030,Sales,1414.88,2024-11-23 16:25:43
31,Twitter Sentiment Analysis_031,Environment,1662.77,2025-09-15 17:28:32
32,Global Temperatures 2024_032,Security,444.45,2024-04-16 11:48:33
33,Global Temperatures 2024_033,Security,1156.86,2025-04-24 16:54:04
34,Employee Retention Data_034,Finance,2354.8,2024-12-15 01:10:55
35,Global Temperatures 2024_035,Real Estate,2266.39,2024-10-15 11:30:01
36,Traffic Volume Logs_036,Healthcare,2377.96,2024-05-18 12:20:45
37,Global Temperatures 2024_037,Environment,951.69,2025-04-13 16:04:49
38,Global Temperatures 2024_038,Social Media,4301.67,2024-09-05 22:31:50
39,Customer Churn V2_039,Finance,4657.59,2025-01-29 16:17:13
40,Patient Health Records_040,Finance,2351.44,2024-09-01 07:34:27
41,Employee Retention Data_041,Environment,4883.99,2024-03-23 01:44:10
42,Housing Prices Cleaned_042,Environment,3460.3,2025-05-06 17:31:16
43,Employee Retention Data_043,Environment,1473.71,2023-12-21 02:26:32
44,Traffic Volume Logs_044,Real Estate,3038.87,2024-10-22 01:04:44
45,Traffic Volume Logs_045,Operations,1441.5,2024-07-24 21:46:36
46,Patient Health Records_046,Social Media,282.91,2024-07-09 15:01:01
47,Stock Market Trends_047,Finance,2440.09,2025-03-08 19:57:39
48,Employee Retention Data_048,Operations,3547.95,2025-10-22 17:57:02
49,Retail Sales Q3_049,Finance,4455.59,2025-08-07 17:57:01
50,Stock Market Trends_050,Real Estate,2897.4,2025-11-18 19:36:10
51,Cybersecurity Attacks 2023_051,Finance,3413.63,2025-11-17 13:23:40
52,Twitter Sentiment Analysis_052,Operations,2934.78,2024-07-26 08:39:57
53,Stock Market Trends_053,Real Estate,4748.71,2025-07-16 18:04:28
54,Twitter Sentiment Analysis_054,Real Estate,3624.64,2025-04-27 20:20:26
55,Twitter Sentiment Analysis_055,Environment,2265.75,2024-12-16 18:39:22
56,Cybersecurity Attacks 2023_056,Environment,2354.97,2025-06-13 23:14:31
57,Housing Prices Cleaned_057,Environment,3737.46,2025-07-28 19:47:24
58,Employee Retention Data_058,Sales,4080.51,2024-08-05 02:47:06
59,Cybersecurity Attacks 2023_059,Social Media,816.48,2025-02-17 07:38:04
60,Twitter Sentiment Analysis_060,Sales,331.09,2025-04-28 02:10:25
61,Global Temperatures 2024_061,Operations,1348.69,2024-04-28 21:49:27
62,Customer Churn V2_062,Environment,538.32,2024-06-18 02:42:36
63,Customer Churn V2_063,Real Estate,2563.83,2025-03-22 14:46:59
64,Retail Sales Q3_064,Environment,4301.55,2025-10-16 17:40:00
65,Movie Ratings Database_065,Healthcare,2615.72,2025-09-11 18:21:24
66,Movie Ratings Database_066,Security,780.52,2024-10-15 05:58:06
67,E-commerce Transactions_067,Finance,2226.96,2024-02-24 02:15:54
68,Twitter Sentiment Analysis_068,Environment,979.05,2024-01-26 03:31:09
69,Global Temperatures 2024_069,Operations,753.76,2025-11-10 17:39:03
70,Retail Sales Q3_070,Environment,2937.12,2024-09-14 08:48:24
71,Employee Retention Data_071,Sales,3551.33,2024-07-05 03:15:26
72,Housing Prices Cleaned_072,Social Media,714.16,2024-06-14 14:24:30
73,Cybersecurity Attacks 2023_073,Security,2227.3,2025-07-03 02:03:10
74,E-commerce Transactions_074,Environment,616.01,2025-01-17 14:06:18
75,E-commerce Transactions_075,Real Estate,922.34,2025-05-11 06:21:06
76,Cybersecurity Attacks 2023_076,Finance,3537.89,2023-12-14 07:27:45
77,Employee Retention Data_077,Finance,103.01,2023-12-15 09:05:20
78,Movie Ratings Database_078,Social Media,3983.16,2025-02-19 19:08:33
79,Movie Ratings Database_079,Operations,4535.32,2024-09-02 10:42:51
80,Employee Retention Data_080,Security,1488.05,2025-04-22 14:52:20
81,Movie Ratings Database_081,Environment,1477.23,2025-03-25 15:49:49
82,Employee Retention Data_082,Operations,4634.88,2024-12-15 13:06:12
83,Customer Churn V2_083,Sales,1175.19,2025-03-04 21:42:51
84,Traffic Volume Logs_084,Security,379.71,2024-01-24 15:41:43
85,Twitter Sentiment Analysis_085,Sales,1294.87,2025-05-24 09:24:32
86,Twitter Sentiment Analysis_086,Security,983.48,2024-06-05 06:29:11
87,Employee Retention Data_087,Security,4020.95,2024-12-17 12:33:12
88,Patient Health Records_088,Real Estate,3868.24,2025-12-04 06:23:54
89,Twitter Sentiment Analysis_089,Operations,4805.61,2025-10-08 02:06:58
90,Employee Retention Data_090,Operations,503.83,2025-01-04 23:27:56
91,Retail Sales Q3_091,Social Media,3599.12,2025-02-21 23:15:38
92,Employee Retention Data_092,Sales,213.38,2025-02-14 10:33:54
93,E-commerce Transactions_093,Operations,4002.2,2024-10-19 13:54:05
94,Traffic Volume Logs_094,Operations,3211.2,2025-10-24 12:55:14
95,Cybersecurity Attacks 2023_095,Real Estate,834.03,2025-09-27 10:19:37
96,Stock Market Trends_096,Real Estate,4226.23,2024-08-17 20:31:44
97,Traffic Volume Logs_097,Security,4969.99,2025-10-06 09:49:34
98,Employee Retention Data_098,Social Media,4749.6,2024-12-18 16:47:13
99,Global Temperatures 2024_099,Operations,2636.22,2024-11-14 21:42:28
100,Retail Sales Q3_100,Real Estate,3055.06,2025-10-03 02:15:18
101,Retail Sales Q3_101,Social Media,3528.02,2025-05-21 08:18:43
102,Cybersecurity Attacks 2023_102,Social Media,2168.72,2025-01-17 15:16:11
103,Twitter Sentiment Analysis_103,Finance,1665.1,2025-02-05 19:19:33
104,Patient Health Records_104,Security,1990.56,2024-03-06 13:44:21
105,Movie Ratings Database_105,Real Estate,3976.99,2024-09-12 12:09:44
106,Cybersecurity Attacks 2023_106,Real Estate,2713.03,2024-08-11 20:03:05
107,Traffic Volume Logs_107,Sales,1326.25,2023-12-11 17:02:12
108,Twitter Sentiment Analysis_108,Real Estate,93.15,2024-08-16 03:23:08
109,Stock Market Trends_109,Social Media,4873.16,2025-06-26 17:32:12
110,Movie Ratings Database_110,Finance,873.17,2024-05-09 03:00:06
111,Cybersecurity Attacks 2023_111,Operations,1186.69,2024-06-24 04:07:04
112,E-commerce Transactions_112,Finance,4363.37,2024-02-26 08:19:13
113,Housing Prices Cleaned_113,Operations,1804.29,2025-06-16 16:59:53
114,Patient Health Records_114,Social Media,403.63,2024-12-18 23:17:29
115,Patient Health Records_115,Finance,4399.39,2025-06-26 00:52:10
116,Twitter Sentiment Analysis_116,Environment,3025.63,2025-01-01 14:11:36
117,Cybersecurity Attacks 2023_117,Finance,4158.95,2024-07-18 16:41:16
118,Cybersecurity Attacks 2023_118,Social Media,3042.95,2023-12-18 08:40:43
119,Global Temperatures 2024_119,Finance,295.83,2024-02-10 21:01:02
120,Patient Health Records_120,Healthcare,1464.14,2024-12-06 19:29:17
121,Global Temperatures 2024_121,Real Estate,4130.29,2024-12-20 14:20:57
122,Global Temperatures 2024_122,Security,2879.87,2025-02-09 21:36:28
123,E-commerce Transactions_123,Operations,140.01,2024-01-19 15:56:18
124,Employee Retention Data_124,Environment,2384.44,2024-06-15 04:04:25
125,Patient Health Records_125,Operations,3091.38,2024-05-16 04:46:36
126,Cybersecurity Attacks 2023_126,Operations,3020.69,2025-09-03 20:19:17
127,Customer Churn V2_127,Healthcare,2412.12,2025-10-14 08:51:10
128,Traffic Volume Logs_128,Healthcare,4836.99,2025-10-10 02:02:57
129,Global Temperatures 2024_129,Real Estate,3846.76,2025-12-08 00:44:03
130,Traffic Volume Logs_130,Operations,1129.84,2025-05-12 03:10:52
131,Customer Churn V2_131,Sales,3782.37,2025-03-27 04:29:52
132,Twitter Sentiment Analysis_132,Social Media,627.98,2024-02-02 02:02:01
133,Traffic Volume Logs_133,Sales,2925.43,2023-12-21 09:29:41
134,Employee Retention Data_134,Social Media,356.55,2025-12-07 12:49:57
135,Employee Retention Data_135,Healthcare,2823.74,2024-02-04 17:51:49
136,Employee Retention Data_136,Real Estate,935.11,2024-04-30 23:16:04
137,Patient Health Records_137,Healthcare,4913.06,2025-04-23 06:31:13
138,Movie Ratings Database_138,Sales,4523.65,2024-02-10 22:33:28
139,Stock Market Trends_139,Social Media,2054.17,2025-06-29 15:40:22
140,Employee Retention Data_140,Sales,422.76,2024-05-27 04:44:09
141,Twitter Sentiment Analysis_141,Security,3954.74,2024-06-14 04:36:01
142,Twitter Sentiment Analysis_142,Real Estate,3150.71,2024-07-09 12:47:26
143,Global Temperatures 2024_143,Environment,815.07,2024-01-04 05:00:57
144,Employee Retention Data_144,Social Media,4973.01,2024-10-29 00:40:45
145,Patient Health Records_145,Healthcare,2698.0,2024-06-02 10:52:05
146,Retail Sales Q3_146,Social Media,3065.59,2025-06-11 00:04:54
147,Housing Prices Cleaned_147,Operations,2006.41,2025-09-02 19:36:53
148,Retail Sales Q3_148,Operations,2974.33,2024-11-13 20:59:45
149,Housing Prices Cleaned_149,Real Estate,1401.1,2025-10-31 09:34:00
150,Movie Ratings Database_150,Social Media,3124.36,2024-10-26 05:40:30
151,Global Temperatures 2024_151,Social Media,361.78,2024-03-28 22:51:48
152,Twitter Sentiment Analysis_152,Environment,1507.48,2024-01-10 03:51:43
153,Customer Churn V2_153,Healthcare,35.24,2025-10-19 19:01:22
154,Patient Health Records_154,Security,3205.05,2024-10-14 00:44:02
155,Traffic Volume Logs_155,Social Media,1462.63,2024-09-23 06:01:35
156,Housing Prices Cleaned_156,Social Media,823.69,2025-05-26 16:54:24
157,Housing Prices Cleaned_157,Sales,2569.8,2025-05-10 17:24:59
158,Customer Churn V2_158,Security,1740.39,2025-08-26 22:13:11
159,Traffic Volume Logs_159,Healthcare,52.09,2025-03-07 08:39:40
160,Retail Sales Q3_160,Healthcare,4476.11,2024-05-26 05:28:25
161,Global Temperatures 2024_161,Finance,288.02,2024-08-28 23:30:56
162,E-commerce Transactions_162,Operations,1241.52,2025-11-10 05:59:52
163,Twitter Sentiment Analysis_163,Sales,228.33,2025-03-08 13:59:29
164,Retail Sales Q3_164,Operations,3544.31,2024-03-19 03:59:20
165,Movie Ratings Database_165,Operations,327.42,2025-10-23 21:59:06
166,E-commerce Transactions_166,Sales,3565.42,2025-06-19 05:01:57
167,Global Temperatures 2024_167,Social Media,3235.62,2025-06-22 14:52:53
168,Customer Churn V2_168,Environment,4030.77,2023-12-26 07:52:46
169,Movie Ratings Database_169,Healthcare,887.8,2025-10-04 15:23:37
170,Traffic Volume Logs_170,Finance,2215.92,2024-09-21 13:09:51
171,Movie Ratings Database_171,Real Estate,1390.85,2025-02-28 04:39:35
172,E-commerce Transactions_172,Healthcare,4923.61,2024-03-13 15:09:54
173,Movie Ratings Database_173,Real Estate,2365.43,2025-07-24 07:21:56
174,Stock Market Trends_174,Finance,2261.76,2024-11-04 23:30:02
175,E-commerce Transactions_175,Real Estate,3240.89,2024-09-02 20:46:36
176,Global Temperatures 2024_176,Social Media,3002.76,2025-10-09 11:44:22
177,Global Temperatures 2024_177,Security,3721.0,2024-11-05 00:39:23
178,Customer Churn V2_178,Social Media,1478.02,2025-09-03 16:24:19
179,Patient Health Records_179,Healthcare,1627.27,2024-11-16 14:32:09
180,Customer Churn V2_180,Social Media,2962.16,2024-04-02 12:05:15
181,Retail Sales Q3_181,Social Media,3005.53,2024-12-20 22:03:13
182,Stock Market Trends_182,Real Estate,4372.66,2025-01-14 19:17:59
183,Housing Prices Cleaned_183,Security,1771.07,2025-11-26 10:04:07
184,Twitter Sentiment Analysis_184,Social Media,3299.78,2024-04-18 06:39:44
185,Employee Retention Data_185,Healthcare,1710.55,2025-01-04 13:36:23
186,Customer Churn V2_186,Real Estate,4895.09,2025-11-04 03:25:56
187,Cybersecurity Attacks 2023_187,Healthcare,3770.7,2024-08-31 21:17:31
188,Cybersecurity Attacks 2023_188,Operations,4485.26,2024-04-30 01:40:10
189,E-commerce Transactions_189,Operations,815.84,2025-10-23 03:01:25
190,Traffic Volume Logs_190,Sales,2158.32,2024-10-11 13:54:51
191,Housing Prices Cleaned_191,Real Estate,1240.98,2024-03-30 11:07:48
192,Cybersecurity Attacks 2023_192,Sales,552.91,2025-05-26 02:46:03
193,Stock Market Trends_193,Sales,1778.63,2024-12-19 12:14:52
194,Customer Churn V2_194,Operations,4687.34,2024-08-29 17:44:37
195,Stock Market Trends_195,Sales,241.53,2024-04-17 12:53:49
196,Global Temperatures 2024_196,Environment,2742.66,2024-12-26 07:31:00
197,Twitter Sentiment Analysis_197,Healthcare,817.26,2025-03-30 08:41:21
198,Retail Sales Q3_198,Healthcare,235.68,2025-04-06 17:10:53
199,Housing Prices Cleaned_199,Operations,4124.67,2025-08-17 17:19:13
200,Global Temperatures 2024_200,Operations,1857.42,2025-07-22 00:10:43
201,Traffic Volume Logs_201,Security,1888.59,2024-08-04 19:02:00
202,Customer Churn V2_202,Healthcare,2963.74,2024-11-03 14:48:11
203,Employee Retention Data_203,Operations,4947.76,2024-05-20 22:25:08
204,Customer Churn V2_204,Healthcare,143.57,2024-10-19 11:00:42
205,Housing Prices Cleaned_205,Environment,46.25,2025-06-20 09:29:22
206,Patient Health Records_206,Healthcare,419.0,2025-08-11 01:19:48
207,Traffic Volume Logs_207,Sales,3660.1,2024-05-28 09:55:26
208,Stock Market Trends_208,Security,1667.78,2024-09-20 22:33:37
209,Traffic Volume Logs_209,Security,977.81,2023-12-16 18:04:47
210,Employee Retention Data_210,Environment,4159.61,2025-12-01 05:06:59
211,Global Temperatures 2024_211,Operations,4686.29,2024-07-10 20:51:55
212,Cybersecurity Attacks 2023_212,Real Estate,312.91,2025-01-27 16:45:03
213,Movie Ratings Database_213,Real Estate,193.74,2024-05-07 20:55:34
214,Employee Retention Data_214,Real Estate,527.08,2024-05-18 00:02:31
215,Cybersecurity Attacks 2023_215,Real Estate,1382.69,2025-03-04 11:57:44
216,Twitter Sentiment Analysis_216,Finance,1717.47,2025-08-28 22:24:22
217,E-commerce Transactions_217,Finance,4423.27,2024-10-15 17:06:15
218,Global Temperatures 2024_218,Security,508.56,2025-10-29 10:54:27
219,Twitter Sentiment Analysis_219,Sales,4563.14,2025-11-06 10:53:09
220,Traffic Volume Logs_220,Operations,1093.34,2025-10-08 01:19:14
221,Twitter Sentiment Analysis_221,Healthcare,2020.49,2025-12-07 14:42:15
222,Housing Prices Cleaned_222,Operations,2038.21,2023-12-19 12:59:00
223,Traffic Volume Logs_223,Real Estate,4069.47,2024-06-06 23:04:40
224,Twitter Sentiment Analysis_224,Healthcare,1554.89,2023-12-17 20:25:47
225,Patient Health Records_225,Environment,2670.43,2025-07-20 06:19:03
226,Twitter Sentiment Analysis_226,Healthcare,3645.87,2023-12-14 04:36:22
227,Global Temperatures 2024_227,Social Media,4186.64,2024-01-25 02:25:40
228,Employee Retention Data_228,Operations,2358.75,2024-01-05 08:47:19
229,Twitter Sentiment Analysis_229,Healthcare,2189.99,2024-12-03 01:18:55
230,Twitter Sentiment Analysis_230,Healthcare,3833.43,2024-08-14 00:36:01
231,Housing Prices Cleaned_231,Healthcare,1953.27,2025-10-02 04:24:30
232,Movie Ratings Database_232,Security,2824.58,2025-08-28 19:25:32
233,Traffic Volume Logs_233,Real Estate,1400.58,2024-09-26 13:59:55
234,Traffic Volume Logs_234,Environment,279.28,2025-08-29 21:53:06
235,Traffic Volume Logs_235,Real Estate,2296.82,2025-01-28 21:53:49
236,Patient Health Records_236,Operations,2132.85,2024-06-22 05:19:44
237,Stock Market Trends_237,Social Media,2754.95,2024-09-19 15:37:27
238,Cybersecurity Attacks 2023_238,Security,2525.78,2024-05-20 04:03:11
239,Patient Health Records_239,Real Estate,4200.91,2024-08-09 16:36:47
240,Housing Prices Cleaned_240,Healthcare,2510.82,2025-05-19 03:14:07
241,Movie Ratings Database_241,Environment,4776.36,2025-09-03 14:38:30
242,Customer Churn V2_242,Sales,1656.8,2025-03-27 03:14:28
243,Traffic Volume Logs_243,Sales,2208.87,2024-12-10 14:11:17
244,Movie Ratings Database_244,Environment,1450.65,2024-11-15 21:32:48
245,Traffic Volume Logs_245,Security,3992.98,2024-07-24 18:20:49
246,Movie Ratings Database_246,Real Estate,4099.95,2025-06-13 12:03:14
247,Cybersecurity Attacks 2023_247,Healthcare,2231.61,2025-08-22 22:14:43
248,Global Temperatures 2024_248,Real Estate,340.14,2024-02-04 08:04:11
249,Cybersecurity Attacks 2023_249,Sales,4579.98,2025-09-03 18:13:14
250,Employee Retention Data_250,Real Estate,2202.14,2025-06-26 14:12:43
251,Traffic Volume Logs_251,Healthcare,4281.87,2024-04-03 22:41:29
252,Cybersecurity Attacks 2023_252,Social Media,609.04,2025-05-23 23:03:50
253,Retail Sales Q3_253,Security,4906.85,2025-06-28 14:38:52
254,Movie Ratings Database_254,Healthcare,317.11,2025-01-14 03:07:53
255,Retail Sales Q3_255,Operations,4743.88,2025-09-18 12:29:19
256,Cybersecurity Attacks 2023_256,Environment,3655.68,2025-09-10 01:07:22
257,Retail Sales Q3_257,Social Media,3309.14,2025-01-13 23:16:14
258,Global Temperatures 2024_258,Operations,2181.82,2025-11-12 16:44:35
259,Patient Health Records_259,Environment,895.66,2025-09-14 23:35:06
260,Employee Retention Data_260,Security,816.4,2023-12-29 09:51:18
261,Patient Health Records_261,Real Estate,2726.16,2024-06-02 08:19:18
262,Retail Sales Q3_262,Security,1427.83,2025-01-04 07:17:19
263,E-commerce Transactions_263,Environment,88.16,2025-08-13 00:31:45
264,Traffic Volume Logs_264,Environment,769.65,2025-06-15 01:46:14
265,Traffic Volume Logs_265,Healthcare,4370.15,2024-10-07 02:58:48
266,E-commerce Transactions_266,Finance,98.79,2024-04-12 07:13:46
267,Traffic Volume Logs_267,Sales,1894.11,2024-10-04 10:08:46
268,Movie Ratings Database_268,Real Estate,4377.26,2024-11-25 04:28:57
269,Retail Sales Q3_269,Healthcare,3283.19,2024-04-16 21:25:45
270,Retail Sales Q3_270,Real Estate,357.23,2025-07-22 11:15:59
271,Stock Market Trends_271,Healthcare,2360.45,2025-12-01 05:21:35
272,Employee Retention Data_272,Healthcare,2080.3,2025-06-29 01:01:35
273,Cybersecurity Attacks 2023_273,Finance,389.84,2024-01-10 23:25:32
274,Stock Market Trends_274,Operations,896.43,2024-07-26 23:35:24
275,Employee Retention Data_275,Environment,1815.42,2024-04-07 11:25:44
276,Cybersecurity Attacks 2023_276,Real Estate,3383.13,2025-02-17 17:57:54
277,Cybersecurity Attacks 2023_277,Security,1942.96,2024-06-11 14:19:19
278,Twitter Sentiment Analysis_278,Security,3032.49,2025-10-27 18:28:49
279,Movie Ratings Database_279,Real Estate,1179.98,2025-10-10 23:06:52
280,Housing Prices Cleaned_280,Healthcare,636.33,2024-07-18 04:14:25
281,Retail Sales Q3_281,Healthcare,3333.65,2024-09-22 07:47:23
282,Housing Prices Cleaned_282,Social Media,3988.1,2024-09-22 13:39:47
283,Customer Churn V2_283,Healthcare,3392.93,2025-01-08 11:30:02
284,E-commerce Transactions_284,Social Media,2927.43,2024-12-30 19:35:12
285,Customer Churn V2_285,Environment,138.05,2024-12-21 23:07:04
286,Patient Health Records_286,Sales,898.25,2024-10-21 07:19:59
287,Global Temperatures 2024_287,Real Estate,4072.69,2025-04-17 07:15:52
288,Stock Market Trends_288,Finance,3408.64,2025-02-15 11:53:46
289,Patient Health Records_289,Sales,4313.62,2025-04-17 17:50:31
290,Twitter Sentiment Analysis_290,Sales,1514.23,2025-08-27 15:09:18
291,Retail Sales Q3_291,Security,853.46,2025-08-12 16:09:27
292,Global Temperatures 2024_292,Finance,3388.0,2025-11-06 02:11:36
293,Cybersecurity Attacks 2023_293,Social Media,3209.48,2025-04-30 06:40:38
294,Customer Churn V2_294,Real Estate,308.1,2025-03-06 13:38:25
295,Traffic Volume Logs_295,Security,3625.22,2025-03-26 00:07:30
296,Employee Retention Data_296,Operations,2739.42,2024-04-22 05:04:40
297,Retail Sales Q3_297,Real Estate,268.87,2024-03-31 15:44:18
298,Employee Retention Data_298,Finance,107.06,2025-06-20 16:15:59
299,Stock Market Trends_299,Sales,3856.34,2024-07-04 16:10:06
300,Cybersecurity Attacks 2023_300,Sales,1408.91,2025-07-16 05:45:54
301,Customer Churn V2_301,Healthcare,688.67,2025-01-04 00:00:55
302,Cybersecurity Attacks 2023_302,Social Media,833.09,2025-08-26 13:32:15
303,Stock Market Trends_303,Operations,2875.83,2024-04-07 04:35:26
304,Retail Sales Q3_304,Operations,4511.63,2025-06-23 11:31:28
305,Employee Retention Data_305,Social Media,682.56,2025-08-14 03:48:53
306,Customer Churn V2_306,Finance,2237.6,2025-11-24 20:12:54
307,Retail Sales Q3_307,Finance,357.26,2024-05-18 09:22:54
308,Stock Market Trends_308,Operations,659.98,2024-02-06 22:28:31
309,Patient Health Records_309,Healthcare,436.69,2024-12-30 11:52:34
310,Twitter Sentiment Analysis_310,Sales,1868.68,2025-10-11 03:51:59
311,Cybersecurity Attacks 2023_311,Operations,4414.79,2024-08-19 15:54:33
312,Stock Market Trends_312,Security,2088.97,2023-12-22 20:42:50
313,Cybersecurity Attacks 2023_313,Social Media,1246.51,2024-06-15 10:19:04
314,Movie Ratings Database_314,Sales,90.78,2024-07-23 16:26:06
315,Cybersecurity Attacks 2023_315,Operations,4560.05,2024-07-03 15:44:23
316,Patient Health Records_316,Healthcare,3542.49,2024-05-13 23:09:35
317,Customer Churn V2_317,Social Media,2685.71,2024-11-18 19:36:19
318,Global Temperatures 2024_318,Social Media,4452.38,2025-04-02 14:28:13
319,Stock Market Trends_319,Sales,276.35,2024-07-15 01:05:06
320,Global Temperatures 2024_320,Finance,2442.96,2025-11-15 00:32:23
321,Employee Retention Data_321,Operations,1419.98,2025-11-20 17:50:14
322,Retail Sales Q3_322,Environment,2698.97,2024-02-13 18:26:30
323,Employee Retention Data_323,Social Media,2932.91,2024-08-18 19:03:53
324,Stock Market Trends_324,Environment,1155.52,2025-05-28 17:30:33
325,Twitter Sentiment Analysis_325,Environment,957.4,2024-01-22 05:41:09
326,Patient Health Records_326,Environment,86.2,2024-05-22 07:40:11
327,Cybersecurity Attacks 2023_327,Sales,395.13,2025-03-15 15:15:33
328,Retail Sales Q3_328,Sales,3910.88,2025-09-22 22:33:06
329,Traffic Volume Logs_329,Finance,4850.39,2025-09-24 04:19:10
330,Customer Churn V2_330,Healthcare,3985.22,2025-08-03 12:48:31
331,Stock Market Trends_331,Environment,2308.95,2025-08-07 13:56:43
332,E-commerce Transactions_332,Healthcare,275.88,2025-09-22 09:54:46
333,E-commerce Transactions_333,Social Media,3895.89,2025-12-02 04:18:28
334,Stock Market Trends_334,Social Media,1492.32,2024-11-27 22:08:08
335,Customer Churn V2_335,Healthcare,135.51,2024-03-21 15:24:22
336,Retail Sales Q3_336,Environment,2174.84,2024-06-11 16:50:43
337,Retail Sales Q3_337,Environment,2504.33,2025-01-22 09:56:04
338,Traffic Volume Logs_338,Sales,615.76,2025-09-04 17:08:38
339,Twitter Sentiment Analysis_339,Healthcare,3338.41,2024-01-17 01:16:48
340,Twitter Sentiment Analysis_340,Healthcare,1903.6,2025-08-07 01:43:40
341,Employee Retention Data_341,Environment,556.63,2024-01-23 10:56:09
342,E-commerce Transactions_342,Operations,232.49,2024-12-04 23:16:58
343,Global Temperatures 2024_343,Social Media,2461.77,2025-02-22 04:29:53
344,Retail Sales Q3_344,Social Media,2437.96,2024-05-04 10:12:29
345,Stock Market Trends_345,Finance,4174.62,2024-06-18 15:35:14
346,Traffic Volume Logs_346,Real Estate,265.16,2025-11-12 16:15:10
347,Retail Sales Q3_347,Social Media,339.17,2025-08-29 19:47:01
348,Global Temperatures 2024_348,Social Media,1140.3,2024-04-22 06:00:23
349,Retail Sales Q3_349,Healthcare,269.57,2025-05-30 16:20:39
350,Patient Health Records_350,Environment,3813.24,2024-02-04 09:59:10
351,Global Temperatures 2024_351,Social Media,3659.27,2025-01-21 22:34:08
352,Traffic Volume Logs_352,Sales,845.16,2024-03-15 23:20:10
353,Twitter Sentiment Analysis_353,Sales,1027.55,2024-06-22 08:46:03
354,Stock Market Trends_354,Finance,859.48,2025-03-04 09:11:47
355,Movie Ratings Database_355,Social Media,2353.97,2025-03-13 08:01:47
356,Employee Retention Data_356,Security,3692.46,2025-11-17 09:44:16
357,Movie Ratings Database_357,Real Estate,491.59,2025-08-06 05:38:53
358,Customer Churn V2_358,Healthcare,2403.34,2024-01-09 10:56:31
359,Retail Sales Q3_359,Operations,1532.27,2025-10-01 18:56:35
360,Housing Prices Cleaned_360,Finance,1007.2,2024-09-13 22:11:07
361,Employee Retention Data_361,Healthcare,3102.11,2024-08-26 17:25:13
362,Stock Market Trends_362,Finance,4161.49,2024-01-01 18:15:48
363,Global Temperatures 2024_363,Social Media,673.44,2024-08-12 12:14:56
364,Twitter Sentiment Analysis_364,Social Media,1223.26,2024-03-25 05:18:44
365,Traffic Volume Logs_365,Operations,3609.33,2024-07-28 20:22:33
366,Stock Market Trends_366,Operations,633.33,2025-11-18 00:38:53
367,Twitter Sentiment Analysis_367,Sales,1519.28,2024-12-01 09:04:03
368,Retail Sales Q3_368,Healthcare,2244.69,2024-08-28 02:45:12
369,Retail Sales Q3_369,Real Estate,256.72,2024-05-03 20:29:51
370,E-commerce Transactions_370,Finance,1506.38,2025-01-25 14:34:39
371,Customer Churn V2_371,Security,221.23,2024-10-30 23:20:49
372,Employee Retention Data_372,Healthcare,2886.06,2024-04-29 07:57:01
373,Patient Health Records_373,Social Media,2812.15,2024-05-02 09:54:47
374,Twitter Sentiment Analysis_374,Operations,4625.79,2024-03-21 03:46:11
375,Movie Ratings Database_375,Environment,4350.75,2024-08-20 16:15:52
376,Retail Sales Q3_376,Finance,2438.05,2025-12-03 09:40:33
377,Movie Ratings Database_377,Security,1188.06,2025-03-01 03:15:32
378,Twitter Sentiment Analysis_378,Real Estate,1878.83,2025-05-11 12:49:55
379,Traffic Volume Logs_379,Real Estate,4485.37,2025-09-19 22:59:29
380,E-commerce Transactions_380,Finance,541.09,2025-11-14 02:17:57
381,E-commerce Transactions_381,Social Media,4506.75,2025-05-29 00:14:59
382,Patient Health Records_382,Security,4472.88,2025-05-23 05:45:23
383,Stock Market Trends_383,Real Estate,326.19,2025-02-21 00:08:50
384,Housing Prices Cleaned_384,Operations,2149.05,2024-03-25 21:51:18
385,Cybersecurity Attacks 2023_385,Real Estate,1939.93,2025-04-14 04:08:26
386,Traffic Volume Logs_386,Sales,4777.0,2024-01-13 04:53:21
387,Employee Retention Data_387,Social Media,1888.78,2025-06-21 03:58:44
388,Housing Prices Cleaned_388,Finance,254.22,2025-04-25 23:42:24
389,Retail Sales Q3_389,Healthcare,2409.31,2025-06-13 23:13:23
390,Retail Sales Q3_390,Real Estate,1758.95,2024-12-18 17:53:15
391,Global Temperatures 2024_391,Healthcare,3258.23,2024-05-06 17:48:00
392,Stock Market Trends_392,Social Media,2239.92,2025-09-08 20:29:12
393,Movie Ratings Database_393,Real Estate,4712.92,2025-01-05 00:25:27
394,E-commerce Transactions_394,Finance,3956.43,2025-03-22 22:57:43
395,E-commerce Transactions_395,Social Media,3946.39,2025-12-03 18:23:15
396,Employee Retention Data_396,Real Estate,4632.93,2024-12-14 13:18:17
397,E-commerce Transactions_397,Real Estate,3409.48,2024-04-03 17:01:29
398,Twitter Sentiment Analysis_398,Social Media,2401.88,2025-04-14 06:46:21
399,Global Temperatures 2024_399,Sales,3732.34,2025-03-19 14:14:26
400,E-commerce Transactions_400,Real Estate,317.65,2024-01-10 23:25:24
401,Employee Retention Data_401,Finance,442.56,2023-12-12 23:15:26
402,Employee Retention Data_402,Security,563.74,2024-05-10 20:11:37
403,Retail Sales Q3_403,Environment,4320.73,2024-07-22 03:05:03
404,Cybersecurity Attacks 2023_404,Sales,223.1,2025-04-25 18:35:50
405,E-commerce Transactions_405,Sales,3939.47,2025-05-15 02:18:57
406,Housing Prices Cleaned_406,Environment,4718.42,2024-03-14 16:08:06
407,Movie Ratings Database_407,Operations,504.53,2024-07-21 06:15:27
408,Twitter Sentiment Analysis_408,Security,3061.04,2024-11-03 14:24:11
409,Housing Prices Cleaned_409,Social Media,2771.28,2025-05-07 13:40:04
410,Housing Prices Cleaned_410,Healthcare,1565.88,2024-04-16 17:01:03
411,Stock Market Trends_411,Sales,1876.41,2025-09-08 17:44:12
412,Cybersecurity Attacks 2023_412,Environment,95.2,2025-04-24 06:20:49
413,Movie Ratings Database_413,Sales,3043.37,2025-11-25 18:38:40
414,Movie Ratings Database_414,Operations,2654.76,2025-05-29 15:37:18
415,Movie Ratings Database_415,Environment,95.55,2025-05-22 15:39:37
416,E-commerce Transactions_416,Healthcare,3445.28,2024-02-02 19:37:53
417,Stock Market Trends_417,Healthcare,4139.78,2024-11-15 00:38:30
418,Housing Prices Cleaned_418,Operations,1505.16,2025-09-03 22:29:25
419,Movie Ratings Database_419,Healthcare,1669.61,2025-04-29 11:05:19
420,Traffic Volume Logs_420,Social Media,4937.53,2025-08-26 15:02:02
421,Cybersecurity Attacks 2023_421,Social Media,3494.43,2025-11-18 12:00:08
422,Patient Health Records_422,Finance,2901.05,2024-12-28 11:46:39
423,Movie Ratings Database_423,Social Media,2193.63,2024-07-07 14:28:01
424,Patient Health Records_424,Operations,34.67,2024-02-26 07:33:28
425,Cybersecurity Attacks 2023_425,Sales,844.77,2025-03-26 09:44:13
426,E-commerce Transactions_426,Real Estate,2150.88,2025-06-22 21:40:57
427,E-commerce Transactions_427,Sales,3304.5,2024-11-06 07:06:31
428,Employee Retention Data_428,Finance,4994.22,2025-06-13 12:34:11
429,Traffic Volume Logs_429,Social Media,2625.2,2024-11-15 00:00:00
430,Twitter Sentiment Analysis_430,Sales,2698.75,2024-02-10 19:46:14
431,E-commerce Transactions_431,Security,1013.66,2025-05-08 11:25:50
432,Global Temperatures 2024_432,Real Estate,4390.45,2024-07-10 12:24:44
433,Traffic Volume Logs_433,Operations,4487.45,2024-09-21 10:45:49
434,Movie Ratings Database_434,Operations,4402.97,2024-07-27 03:59:36
435,Movie Ratings Database_435,Environment,4198.01,2025-07-14 15:44:55
436,Traffic Volume Logs_436,Social Media,3818.2,2024-05-10 20:47:24
437,E-commerce Transactions_437,Finance,3428.41,2024-09-10 14:22:07
438,Stock Market Trends_438,Environment,901.17,2025-09-14 22:59:39
439,Twitter Sentiment Analysis_439,Sales,4169.48,2024-02-28 20:21:44
440,Stock Market Trends_440,Social Media,4043.11,2024-04-03 19:51:52
441,Twitter Sentiment Analysis_441,Finance,2040.51,2025-04-12 15:38:28
442,Patient Health Records_442,Sales,3211.45,2025-02-27 15:31:39
443,Traffic Volume Logs_443,Real Estate,2731.67,2024-03-28 08:15:56
444,Customer Churn V2_444,Operations,1806.62,2025-11-15 22:22:56
445,E-commerce Transactions_445,Sales,4107.42,2024-11-06 13:14:48
446,Twitter Sentiment Analysis_446,Healthcare,4286.97,2024-09-27 08:31:39
447,Twitter Sentiment Analysis_447,Healthcare,2335.79,2025-12-08 18:44:30
448,Housing Prices Cleaned_448,Operations,1182.16,2025-09-05 17:13:46
449,Traffic Volume Logs_449,Operations,150.6,2025-03-29 16:10:53
450,Employee Retention Data_450,Finance,1452.24,2025-09-23 18:00:33
451,Retail Sales Q3_451,Social Media,4730.56,2024-01-08 00:45:45
452,Global Temperatures 2024_452,Social Media,4804.63,2025-03-23 04:38:26
453,E-commerce Transactions_453,Sales,2962.5,2024-02-10 08:13:51
454,Cybersecurity Attacks 2023_454,Security,2988.01,2024-02-13 06:33:44
455,Twitter Sentiment Analysis_455,Sales,2094.11,2024-10-01 20:48:17
456,Housing Prices Cleaned_456,Real Estate,1276.99,2024-02-27 14:24:49
457,Movie Ratings Database_457,Security,435.12,2025-10-22 12:55:31
458,Cybersecurity Attacks 2023_458,Social Media,442.84,2025-05-17 01:22:39
459,Housing Prices Cleaned_459,Healthcare,2695.32,2025-05-13 13:15:28
460,Global Temperatures 2024_460,Sales,2483.6,2025-04-09 14:47:07
461,Customer Churn V2_461,Operations,2683.9,2024-12-04 14:42:09
462,Employee Retention Data_462,Healthcare,3409.76,2025-09-27 07:28:55
463,Retail Sales Q3_463,Environment,3009.6,2024-08-10 21:34:54
464,Traffic Volume Logs_464,Security,2988.88,2025-10-29 05:56:07
465,Employee Retention Data_465,Real Estate,2151.98,2024-06-09 05:46:07
466,Customer Churn V2_466,Operations,181.99,2025-07-24 16:16:48
467,Twitter Sentiment Analysis_467,Environment,2731.94,2025-06-10 15:45:14
468,Patient Health Records_468,Real Estate,4641.43,2025-09-18 23:33:40
469,Twitter Sentiment Analysis_469,Environment,4946.24,2025-03-04 09:30:54
470,E-commerce Transactions_470,Environment,3819.05,2024-07-26 08:41:45
471,Traffic Volume Logs_471,Real Estate,1522.23,2024-12-20 05:58:50
472,Twitter Sentiment Analysis_472,Healthcare,597.01,2024-11-12 17:23:24
473,Movie Ratings Database_473,Environment,144.62,2024-05-21 15:50:16
474,Traffic Volume Logs_474,Healthcare,4441.84,2024-09-30 12:53:44
475,Traffic Volume Logs_475,Finance,3201.02,2024-08-02 07:16:17
476,Stock Market Trends_476,Finance,1189.29,2024-06-08 23:44:06
477,Movie Ratings Database_477,Real Estate,3438.65,2025-10-14 00:40:51
478,Employee Retention Data_478,Security,4197.23,2024-10-07 08:08:24
479,Customer Churn V2_479,Healthcare,2456.64,2025-11-10 16:50:43
480,Movie Ratings Database_480,Operations,4055.75,2025-02-15 02:28:18
481,Employee Retention Data_481,Healthcare,3825.85,2025-01-02 15:55:43
482,Customer Churn V2_482,Finance,1570.79,2024-12-09 17:42:33
483,Twitter Sentiment Analysis_483,Environment,1487.21,2024-04-08 04:49:28
484,Twitter Sentiment Analysis_484,Security,4577.06,2024-07-11 01:45:28
485,Retail Sales Q3_485,Social Media,2600.55,2025-03-31 21:16:02
486,Customer Churn V2_486,Sales,3656.9,2024-12-23 23:45:59
487,Stock Market Trends_487,Finance,89.36,2024-10-03 07:58:57
488,Employee Retention Data_488,Operations,2061.64,2025-04-25 05:41:10
489,Cybersecurity Attacks 2023_489,Environment,2532.33,2025-10-25 07:42:49
490,Twitter Sentiment Analysis_490,Operations,1151.26,2024-09-02 00:20:45
491,Movie Ratings Database_491,Social Media,4040.72,2024-01-29 19:26:35
492,Global Temperatures 2024_492,Sales,2184.02,2024-11-20 12:11:30
493,Patient Health Records_493,Operations,639.5,2024-03-22 19:23:23
494,Movie Ratings Database_494,Operations,3920.82,2024-01-01 19:16:27
495,Retail Sales Q3_495,Sales,1850.65,2024-10-26 16:26:03
496,Retail Sales Q3_496,Sales,2066.29,2024-01-04 12:03:33
497,Movie Ratings Database_497,Environment,1059.65,2025-10-30 04:57:56
498,Traffic Volume Logs_498,Environment,1694.7,2025-08-18 20:01:32
499,Employee Retention Data_499,Operations,4576.62,2024-11-14 02:13:49
500,Housing Prices Cleaned_500,Social Media,1397.29,2024-06-10 19:57:57
501,Customer Churn V2_501,Finance,1230.06,2025-11-28 09:32:23
502,Cybersecurity Attacks 2023_502,Security,3705.11,2025-10-15 16:09:28
503,Twitter Sentiment Analysis_503,Sales,2104.62,2024-05-14 19:57:58
504,Cybersecurity Attacks 2023_504,Security,4298.39,2024-08-02 12:33:32
505,Cybersecurity Attacks 2023_505,Real Estate,46.96,2025-08-29 13:30:59
506,Movie Ratings Database_506,Security,3513.62,2025-07-30 07:03:49
507,Stock Market Trends_507,Sales,1840.6,2025-09-10 23:26:09
508,Employee Retention Data_508,Sales,405.8,2025-08-12 08:08:32
509,E-commerce Transactions_509,Social Media,4661.68,2025-08-01 14:42:01
510,Stock Market Trends_510,Sales,574.34,2025-09-17 02:11:10
511,Global Temperatures 2024_511,Environment,3494.02,2024-01-04 13:24:56
512,E-commerce Transactions_512,Social Media,1802.74,2025-01-05 23:05:27
513,Traffic Volume Logs_513,Finance,2589.98,2025-01-12 01:25:48
514,Traffic Volume Logs_514,Environment,2777.38,2024-08-09 00:14:45
515,Cybersecurity Attacks 2023_515,Environment,2462.29,2024-01-11 16:09:15
516,Patient Health Records_516,Environment,4210.7,2025-02-25 15:59:21
517,Cybersecurity Attacks 2023_517,Healthcare,3549.85,2024-09-02 02:34:23
518,Movie Ratings Database_518,Operations,2807.62,2024-11-26 10:08:05
519,Traffic Volume Logs_519,Healthcare,110.92,2024-01-18 19:33:38
520,Twitter Sentiment Analysis_520,Security,1610.36,2024-10-20 21:39:03
521,Traffic Volume Logs_521,Operations,1000.73,2025-03-29 19:36:40
522,Housing Prices Cleaned_522,Healthcare,235.06,2025-08-24 05:36:51
523,Movie Ratings Database_523,Real Estate,1367.24,2025-02-19 14:30:32
524,Twitter Sentiment Analysis_524,Real Estate,1538.14,2025-10-19 19:48:42
525,E-commerce Transactions_525,Finance,3454.97,2025-08-11 20:55:16
526,Global Temperatures 2024_526,Finance,4594.51,2023-12-27 02:34:25
527,Patient Health Records_527,Healthcare,3963.62,2024-08-14 00:17:05
528,Traffic Volume Logs_528,Environment,847.43,2025-08-05 18:16:08
529,Patient Health Records_529,Security,4407.14,2024-05-11 03:38:05
530,Stock Market Trends_530,Finance,1458.77,2024-11-16 04:56:38
531,Twitter Sentiment Analysis_531,Operations,1939.18,2025-05-11 11:18:55
532,Employee Retention Data_532,Operations,3949.5,2024-05-17 16:33:09
533,Customer Churn V2_533,Environment,389.61,2024-03-01 13:39:44
534,Housing Prices Cleaned_534,Real Estate,621.43,2024-12-07 00:55:39
535,E-commerce Transactions_535,Finance,4766.76,2025-06-30 15:34:04
536,Retail Sales Q3_536,Finance,3070.25,2024-10-19 08:24:54
537,Housing Prices Cleaned_537,Social Media,644.28,2024-12-20 02:39:40
538,Cybersecurity Attacks 2023_538,Environment,1796.94,2024-09-04 15:46:54
539,Stock Market Trends_539,Security,511.98,2025-02-13 21:08:51
540,Traffic Volume Logs_540,Healthcare,642.23,2024-10-15 22:01:42
541,Retail Sales Q3_541,Sales,4706.93,2024-07-03 04:19:31
542,Housing Prices Cleaned_542,Security,1619.23,2024-06-02 00:46:23
543,Traffic Volume Logs_543,Social Media,83.71,2025-10-03 04:43:45
544,Employee Retention Data_544,Sales,39.83,2024-10-18 04:29:34
545,Patient Health Records_545,Sales,4210.93,2024-01-08 07:29:37
546,Traffic Volume Logs_546,Social Media,4516.89,2024-03-23 17:50:34
547,Twitter Sentiment Analysis_547,Real Estate,3385.1,2024-10-18 03:39:58
548,Stock Market Trends_548,Real Estate,3940.56,2025-01-24 10:47:23
549,Retail Sales Q3_549,Security,1209.87,2024-01-12 00:22:33
550,Housing Prices Cleaned_550,Operations,3400.2,2025-04-25 02:27:59
551,E-commerce Transactions_551,Operations,977.18,2025-03-26 19:14:54
552,Twitter Sentiment Analysis_552,Healthcare,1060.3,2025-06-06 21:38:30
553,Global Temperatures 2024_553,Sales,3579.76,2024-09-25 05:37:40
554,E-commerce Transactions_554,Sales,1380.89,2024-03-29 01:41:50
555,Movie Ratings Database_555,Real Estate,131.38,2024-05-01 03:09:00
556,E-commerce Transactions_556,Social Media,1786.65,2025-07-11 04:30:26
557,Stock Market Trends_557,Healthcare,390.47,2024-07-25 07:14:20
558,Housing Prices Cleaned_558,Sales,4128.91,2025-08-19 00:57:18
559,Movie Ratings Database_559,Security,2826.13,2024-12-16 15:30:59
560,Stock Market Trends_560,Sales,3231.27,2024-05-21 22:35:15
561,Traffic Volume Logs_561,Sales,4893.96,2025-02-13 15:07:54
562,Patient Health Records_562,Finance,407.21,2025-12-05 20:32:39
563,Employee Retention Data_563,Real Estate,4384.42,2024-06-18 23:24:26
564,Patient Health Records_564,Social Media,955.44,2025-04-06 23:36:42
565,Global Temperatures 2024_565,Real Estate,145.59,2025-01-14 06:19:57
566,Patient Health Records_566,Sales,3097.74,2025-08-27 03:59:28
567,Customer Churn V2_567,Sales,1615.31,2024-07-23 08:47:33
568,Employee Retention Data_568,Operations,4315.05,2024-12-14 12:22:04
569,Twitter Sentiment Analysis_569,Finance,3109.22,2025-08-31 06:22:56
570,Customer Churn V2_570,Finance,2209.27,2024-01-26 10:49:35
571,Customer Churn V2_571,Security,527.72,2024-06-01 14:45:58
572,Movie Ratings Database_572,Sales,2251.03,2025-04-04 17:58:58
573,Patient Health Records_573,Healthcare,4178.21,2024-01-30 07:36:19
574,Cybersecurity Attacks 2023_574,Environment,3508.13,2025-03-03 04:24:12
575,Housing Prices Cleaned_575,Security,4565.54,2025-08-14 16:17:31
576,Stock Market Trends_576,Security,1717.45,2024-04-14 10:17:41
577,Traffic Volume Logs_577,Environment,488.51,2024-11-18 23:12:53
578,Global Temperatures 2024_578,Sales,4850.69,2025-01-19 18:12:49
579,Employee Retention Data_579,Environment,4768.71,2025-02-07 11:10:47
580,Cybersecurity Attacks 2023_580,Real Estate,1548.78,2025-11-14 20:12:41
581,Patient Health Records_581,Security,888.98,2024-05-24 16:39:42
582,Cybersecurity Attacks 2023_582,Sales,189.49,2024-12-23 03:46:58
583,Customer Churn V2_583,Security,1443.56,2025-10-21 03:50:56
584,Cybersecurity Attacks 2023_584,Sales,2745.08,2025-05-11 15:02:41
585,E-commerce Transactions_585,Healthcare,3162.81,2025-08-10 23:52:25
586,Employee Retention Data_586,Finance,757.3,2024-04-22 03:28:42
587,Customer Churn V2_587,Sales,431.2,2025-02-13 21:44:45
588,Movie Ratings Database_588,Security,2001.8,2024-06-02 01:17:20
589,Movie Ratings Database_589,Operations,2081.58,2025-03-30 10:45:37
590,Twitter Sentiment Analysis_590,Sales,535.25,2024-01-28 22:05:30
591,Twitter Sentiment Analysis_591,Operations,4539.7,2025-03-05 15:35:16
592,Stock Market Trends_592,Healthcare,393.97,2025-04-24 00:50:13
593,Movie Ratings Database_593,Security,3849.09,2024-04-11 23:42:09
594,Cybersecurity Attacks 2023_594,Sales,91.79,2024-10-04 16:51:08
595,Retail Sales Q3_595,Healthcare,4828.61,2024-04-01 13:19:48
596,Movie Ratings Database_596,Real Estate,4414.76,2025-10-01 00:38:04
597,Customer Churn V2_597,Sales,3027.62,2024-05-10 17:54:37
598,Employee Retention Data_598,Security,4036.74,2025-02-10 02:06:23
599,Global Temperatures 2024_599,Operations,1290.92,2024-10-11 23:10:50
600,Traffic Volume Logs_600,Operations,1066.6,2024-07-04 10:50:09
601,Movie Ratings Database_601,Finance,1981.22,2024-10-16 17:32:08
602,Patient Health Records_602,Environment,3221.57,2025-12-01 22:08:38
603,Stock Market Trends_603,Healthcare,189.23,2025-03-22 23:37:20
604,Housing Prices Cleaned_604,Environment,3176.88,2024-05-01 10:52:07
605,Employee Retention Data_605,Environment,4126.92,2025-03-01 02:36:04
606,Employee Retention Data_606,Finance,1801.37,2024-09-30 10:24:31
607,Housing Prices Cleaned_607,Healthcare,2916.51,2024-11-16 00:19:41
608,Customer Churn V2_608,Finance,1259.04,2025-09-21 09:43:22
609,Housing Prices Cleaned_609,Environment,561.29,2024-06-16 07:47:50
610,Cybersecurity Attacks 2023_610,Sales,736.87,2024-10-26 13:12:26
611,Global Temperatures 2024_611,Social Media,1279.56,2024-04-28 23:02:45
612,Stock Market Trends_612,Real Estate,4272.32,2025-01-05 02:41:10
613,Patient Health Records_613,Healthcare,760.17,2024-09-20 12:01:40
614,Twitter Sentiment Analysis_614,Social Media,3576.27,2024-08-31 23:08:26
615,E-commerce Transactions_615,Sales,3801.73,2025-03-07 18:04:11
616,Retail Sales Q3_616,Environment,4819.68,2024-03-28 11:50:34
617,Housing Prices Cleaned_617,Sales,4000.05,2024-01-08 10:44:04
618,E-commerce Transactions_618,Healthcare,2796.22,2024-06-08 15:48:28
619,Stock Market Trends_619,Security,4260.31,2024-07-27 17:23:06
620,Retail Sales Q3_620,Social Media,657.71,2025-06-12 13:04:43
621,Twitter Sentiment Analysis_621,Operations,169.47,2024-06-24 05:30:15
622,Cybersecurity Attacks 2023_622,Sales,2279.93,2025-02-10 22:13:46
623,Traffic Volume Logs_623,Finance,1328.82,2025-01-13 16:30:53
624,Twitter Sentiment Analysis_624,Real Estate,4090.12,2024-07-20 18:57:14
625,Employee Retention Data_625,Healthcare,4036.75,2024-10-02 00:27:19
626,Housing Prices Cleaned_626,Real Estate,530.04,2024-07-20 20:26:03
627,Cybersecurity Attacks 2023_627,Social Media,746.56,2025-02-06 02:41:15
628,Twitter Sentiment Analysis_628,Security,2372.7,2023-12-18 08:35:39
629,Traffic Volume Logs_629,Environment,3471.26,2024-05-29 08:32:30
630,Traffic Volume Logs_630,Security,2438.26,2025-07-08 02:26:25
631,E-commerce Transactions_631,Security,256.91,2025-03-03 14:49:15
632,Cybersecurity Attacks 2023_632,Real Estate,1579.18,2024-12-10 16:29:12
633,Employee Retention Data_633,Operations,4065.92,2024-08-06 02:21:35
634,Employee Retention Data_634,Sales,47.31,2024-10-16 19:19:02
635,Stock Market Trends_635,Security,3493.73,2025-01-11 09:08:01
636,E-commerce Transactions_636,Real Estate,482.58,2024-02-07 19:44:21
637,Twitter Sentiment Analysis_637,Sales,4902.63,2024-04-26 02:59:13
638,Employee Retention Data_638,Real Estate,3736.71,2024-05-30 17:48:50
639,Global Temperatures 2024_639,Finance,4671.32,2024-05-11 08:58:44
640,Movie Ratings Database_640,Environment,2665.72,2025-05-05 05:10:40
641,Employee Retention Data_641,Healthcare,2978.8,2025-05-15 11:31:54
642,E-commerce Transactions_642,Security,3454.74,2024-03-11 16:43:46
643,Global Temperatures 2024_643,Finance,1094.16,2025-02-09 08:53:16
644,Employee Retention Data_644,Social Media,4894.4,2025-10-24 04:41:20
645,Employee Retention Data_645,Real Estate,1929.77,2025-07-12 08:41:20
646,Customer Churn V2_646,Finance,2654.76,2024-08-09 09:27:56
647,Twitter Sentiment Analysis_647,Environment,2768.01,2024-04-03 23:39:17
648,Retail Sales Q3_648,Real Estate,4276.38,2024-02-08 15:59:34
649,Movie Ratings Database_649,Healthcare,1714.98,2025-04-14 10:47:15
650,Housing Prices Cleaned_650,Real Estate,672.13,2024-06-03 01:18:23
651,Customer Churn V2_651,Real Estate,4686.69,2025-10-04 10:28:09
652,Twitter Sentiment Analysis_652,Security,548.59,2025-06-07 11:57:27
653,Employee Retention Data_653,Operations,4841.55,2024-11-19 08:12:02
654,Patient Health Records_654,Healthcare,279.04,2024-05-21 06:29:23
655,Global Temperatures 2024_655,Healthcare,3591.63,2025-07-06 00:29:09
656,Employee Retention Data_656,Healthcare,1919.3,2024-07-05 04:14:22
657,E-commerce Transactions_657,Social Media,4222.09,2025-03-08 04:04:36
658,Twitter Sentiment Analysis_658,Healthcare,3881.44,2025-04-30 02:05:45
659,Stock Market Trends_659,Real Estate,3633.75,2025-02-16 05:48:44
660,Movie Ratings Database_660,Environment,4869.9,2024-02-22 15:16:12
661,Cybersecurity Attacks 2023_661,Security,3285.51,2025-05-03 15:38:23
662,Employee Retention Data_662,Social Media,349.2,2024-11-12 11:10:17
663,Patient Health Records_663,Real Estate,3451.45,2024-11-12 22:37:29
664,Patient Health Records_664,Sales,4348.38,2024-04-13 02:30:08
665,Movie Ratings Database_665,Finance,2841.49,2025-08-26 21:23:40
666,Twitter Sentiment Analysis_666,Finance,1137.56,2024-11-20 10:31:35
667,Movie Ratings Database_667,Security,4727.61,2025-06-06 13:34:10
668,Stock Market Trends_668,Security,4355.61,2024-05-28 21:28:37
669,Twitter Sentiment Analysis_669,Security,2561.66,2025-04-18 20:32:05
670,E-commerce Transactions_670,Social Media,3760.71,2024-10-19 13:33:34
671,Employee Retention Data_671,Sales,2738.87,2025-10-17 15:10:28
672,Cybersecurity Attacks 2023_672,Healthcare,8.02,2024-07-20 02:25:48
673,Employee Retention Data_673,Social Media,368.04,2024-06-20 08:17:33
674,Patient Health Records_674,Social Media,4173.03,2025-07-27 07:25:59
675,Patient Health Records_675,Finance,4889.06,2024-04-13 02:57:41
676,Employee Retention Data_676,Healthcare,2270.56,2024-06-18 14:40:01
677,Movie Ratings Database_677,Healthcare,4438.72,2025-10-31 00:12:59
678,Traffic Volume Logs_678,Security,1112.38,2025-10-24 23:19:48
679,Global Temperatures 2024_679,Social Media,879.54,2024-02-21 16:44:43
680,E-commerce Transactions_680,Social Media,1341.66,2024-08-29 11:41:55
681,E-commerce Transactions_681,Security,2721.6,2024-06-22 19:58:00
682,Twitter Sentiment Analysis_682,Social Media,1793.96,2024-06-25 00:12:32
683,Retail Sales Q3_683,Healthcare,4325.25,2024-12-29 22:37:00
684,Employee Retention Data_684,Sales,1122.64,2024-07-08 13:24:49
685,Twitter Sentiment Analysis_685,Healthcare,1393.5,2024-08-13 00:17:50
686,Employee Retention Data_686,Real Estate,2316.32,2025-04-13 15:08:32
687,Patient Health Records_687,Healthcare,2973.82,2025-06-21 15:00:21
688,Global Temperatures 2024_688,Real Estate,4933.36,2025-11-11 22:38:11
689,Customer Churn V2_689,Finance,3277.51,2025-09-16 13:31:41
690,Twitter Sentiment Analysis_690,Finance,4636.19,2025-04-24 13:30:14
691,Customer Churn V2_691,Sales,633.77,2025-04-18 10:07:53
692,Patient Health Records_692,Operations,2153.78,2025-02-01 12:02:00
693,Retail Sales Q3_693,Social Media,3572.49,2024-01-09 23:27:34
694,Traffic Volume Logs_694,Social Media,270.88,2025-07-27 18:45:17
695,Housing Prices Cleaned_695,Security,3907.05,2025-05-13 01:33:26
696,Retail Sales Q3_696,Real Estate,1977.81,2025-01-22 13:20:13
697,E-commerce Transactions_697,Real Estate,1338.3,2024-11-01 02:12:27
698,Stock Market Trends_698,Real Estate,3156.59,2025-05-16 14:19:34
699,Housing Prices Cleaned_699,Sales,2757.64,2024-12-25 00:24:30
700,Traffic Volume Logs_700,Real Estate,1719.08,2024-02-23 11:17:14
701,Global Temperatures 2024_701,Security,4672.49,2025-03-22 16:05:53
702,Housing Prices Cleaned_702,Operations,3514.36,2025-09-01 07:08:35
703,Customer Churn V2_703,Finance,658.19,2024-11-09 14:37:52
704,Cybersecurity Attacks 2023_704,Sales,2606.02,2024-08-19 05:23:42
705,Stock Market Trends_705,Sales,4329.76,2024-02-27 06:23:25
706,Movie Ratings Database_706,Social Media,4325.84,2025-11-27 20:24:00
707,Housing Prices Cleaned_707,Finance,4407.11,2023-12-13 23:44:08
708,Customer Churn V2_708,Sales,349.13,2024-08-08 03:22:39
709,Global Temperatures 2024_709,Real Estate,3397.89,2024-11-24 02:34:44
710,Patient Health Records_710,Finance,3072.21,2025-01-14 07:16:08
711,Movie Ratings Database_711,Sales,1368.4,2024-07-05 14:41:31
712,Retail Sales Q3_712,Operations,4599.68,2024-08-27 23:09:57
713,Cybersecurity Attacks 2023_713,Finance,3050.12,2024-05-07 18:47:39
714,Retail Sales Q3_714,Healthcare,3772.85,2024-08-05 23:25:02
715,Movie Ratings Database_715,Operations,3061.2,2024-08-14 08:37:47
716,Global Temperatures 2024_716,Security,1912.5,2024-08-05 00:09:02
717,Customer Churn V2_717,Operations,1687.16,2025-01-27 03:14:18
718,Employee Retention Data_718,Sales,970.79,2024-08-24 05:50:04
719,Patient Health Records_719,Environment,913.39,2025-06-11 19:33:00
720,Customer Churn V2_720,Real Estate,4328.64,2024-10-04 09:05:43
721,Global Temperatures 2024_721,Real Estate,3771.55,2024-04-17 09:21:42
722,Stock Market Trends_722,Operations,655.98,2024-02-02 08:57:26
723,Customer Churn V2_723,Security,974.37,2024-10-15 08:40:22
724,Employee Retention Data_724,Healthcare,1326.52,2025-11-08 05:31:12
725,Stock Market Trends_725,Real Estate,1190.83,2024-02-25 17:08:53
726,Movie Ratings Database_726,Sales,1004.99,2024-12-01 13:47:20
727,Traffic Volume Logs_727,Sales,568.68,2024-04-20 07:16:50
728,Customer Churn V2_728,Security,3050.27,2024-06-12 12:10:04
729,Cybersecurity Attacks 2023_729,Environment,4048.95,2024-07-14 00:27:30
730,Customer Churn V2_730,Real Estate,2611.49,2025-05-09 11:00:23
731,Employee Retention Data_731,Finance,2908.5,2025-08-26 23:05:28
732,Customer Churn V2_732,Finance,4593.93,2024-09-11 08:24:29
733,Retail Sales Q3_733,Finance,2481.46,2024-12-14 16:33:17
734,Customer Churn V2_734,Security,258.81,2025-05-15 16:38:34
735,Retail Sales Q3_735,Real Estate,1751.84,2025-02-21 16:46:35
736,Global Temperatures 2024_736,Finance,1042.84,2024-03-12 22:20:11
737,Twitter Sentiment Analysis_737,Real Estate,199.12,2025-03-11 11:38:15
738,Customer Churn V2_738,Security,3590.46,2024-01-07 18:34:57
739,Traffic Volume Logs_739,Healthcare,2950.03,2024-03-23 17:34:32
740,Twitter Sentiment Analysis_740,Operations,127.61,2025-11-06 16:28:38
741,Customer Churn V2_741,Environment,979.6,2024-09-23 23:11:31
742,Cybersecurity Attacks 2023_742,Security,325.97,2025-09-21 12:02:12
743,Twitter Sentiment Analysis_743,Healthcare,1928.87,2024-04-16 03:43:25
744,Stock Market Trends_744,Social Media,3724.08,2024-12-02 18:40:17
745,Employee Retention Data_745,Operations,238.4,2025-04-09 19:13:55
746,Movie Ratings Database_746,Environment,692.63,2024-06-03 13:25:05
747,E-commerce Transactions_747,Finance,149.55,2024-07-27 11:45:04
748,Movie Ratings Database_748,Finance,2462.17,2025-01-17 00:14:11
749,Customer Churn V2_749,Real Estate,4413.36,2025-01-01 01:35:28
750,Patient Health Records_750,Finance,2227.56,2025-09-24 11:30:41
751,Retail Sales Q3_751,Sales,4702.43,2025-02-03 14:37:55
752,Housing Prices Cleaned_752,Environment,4526.87,2024-11-04 02:40:08
753,Movie Ratings Database_753,Security,2398.15,2025-03-02 04:57:12
754,Global Temperatures 2024_754,Operations,1693.24,2024-03-28 23:14:12
755,Customer Churn V2_755,Sales,2483.33,2024-01-14 19:16:02
756,Global Temperatures 2024_756,Social Media,2055.05,2024-02-22 05:50:52
757,Employee Retention Data_757,Healthcare,3323.97,2025-03-17 03:49:54
758,Movie Ratings Database_758,Security,3519.29,2024-10-16 09:18:05
759,Stock Market Trends_759,Security,2608.63,2025-12-06 16:54:51
760,E-commerce Transactions_760,Finance,2603.89,2024-08-17 09:17:18
761,Movie Ratings Database_761,Environment,1289.5,2025-09-11 12:13:34
762,Customer Churn V2_762,Finance,3381.69,2024-09-11 05:07:01
763,Housing Prices Cleaned_763,Environment,2231.38,2025-02-21 07:13:17
764,Movie Ratings Database_764,Security,1124.51,2025-04-06 10:18:32
765,Retail Sales Q3_765,Social Media,1033.88,2025-10-30 18:10:31
766,Customer Churn V2_766,Sales,3822.74,2025-10-31 12:48:52
767,Retail Sales Q3_767,Security,774.9,2025-06-16 19:29:31
768,Employee Retention Data_768,Environment,1038.99,2024-02-15 13:01:28
769,Stock Market Trends_769,Environment,2875.32,2024-02-25 23:53:26
770,Retail Sales Q3_770,Sales,1187.25,2025-02-05 08:53:52
771,Retail Sales Q3_771,Social Media,3508.12,2025-02-04 14:46:17
772,Stock Market Trends_772,Security,427.88,2025-11-25 08:08:19
773,Movie Ratings Database_773,Finance,2899.9,2025-09-03 15:27:45
774,Movie Ratings Database_774,Sales,4823.85,2025-06-18 23:36:46
775,Global Temperatures 2024_775,Healthcare,642.26,2024-03-15 19:01:24
776,E-commerce Transactions_776,Social Media,1067.76,2023-12-24 06:26:47
777,Stock Market Trends_777,Environment,2205.78,2024-10-22 16:27:00
778,Housing Prices Cleaned_778,Sales,1203.55,2025-06-26 20:08:18
779,Stock Market Trends_779,Operations,2610.11,2025-07-22 16:59:12
780,Cybersecurity Attacks 2023_780,Operations,4245.51,2024-03-29 01:05:58
781,Traffic Volume Logs_781,Environment,3335.87,2024-10-26 06:27:08
782,Retail Sales Q3_782,Healthcare,4752.93,2024-02-04 23:37:52
783,Traffic Volume Logs_783,Security,2121.23,2025-05-13 10:54:37
784,Cybersecurity Attacks 2023_784,Security,2927.27,2024-08-27 20:21:49
785,Cybersecurity Attacks 2023_785,Environment,2652.66,2024-05-13 14:54:19
786,Traffic Volume Logs_786,Real Estate,1846.38,2025-05-23 08:52:03
787,Cybersecurity Attacks 2023_787,Operations,678.84,2024-12-16 22:12:11
788,E-commerce Transactions_788,Real Estate,25.34,2025-06-24 05:19:15
789,Cybersecurity Attacks 2023_789,Healthcare,3511.3,2025-08-30 12:46:58
790,Customer Churn V2_790,Sales,1748.39,2024-05-25 17:15:37
791,Stock Market Trends_791,Healthcare,781.1,2023-12-24 07:12:34
792,Traffic Volume Logs_792,Real Estate,4540.96,2024-02-29 13:33:07
793,Employee Retention Data_793,Real Estate,3520.02,2025-05-05 03:14:18
794,Retail Sales Q3_794,Operations,1197.18,2025-06-25 05:37:39
795,Cybersecurity Attacks 2023_795,Operations,1953.55,2024-11-19 15:31:50
796,Movie Ratings Database_796,Sales,3736.44,2025-01-18 13:31:30
797,Retail Sales Q3_797,Security,157.5,2025-03-14 08:33:06
798,E-commerce Transactions_798,Finance,4421.21,2025-03-15 22:28:37
799,Cybersecurity Attacks 2023_799,Social Media,2254.83,2024-12-26 04:14:25
800,Customer Churn V2_800,Healthcare,4526.0,2025-03-30 19:15:03
801,Stock Market Trends_801,Operations,4085.74,2024-12-12 17:19:50
802,Stock Market Trends_802,Healthcare,980.31,2023-12-14 22:14:47
803,Cybersecurity Attacks 2023_803,Healthcare,856.63,2024-08-29 13:44:05
804,Traffic Volume Logs_804,Environment,4639.52,2024-12-01 23:02:59
805,Employee Retention Data_805,Social Media,3879.51,2025-07-05 16:34:42
806,Patient Health Records_806,Operations,2547.75,2025-05-07 19:29:12
807,E-commerce Transactions_807,Operations,1430.58,2024-08-28 07:27:22
808,Patient Health Records_808,Security,1893.64,2024-07-10 15:39:24
809,Retail Sales Q3_809,Real Estate,546.01,2024-09-15 23:40:29
810,Patient Health Records_810,Social Media,2888.68,2023-12-28 19:37:22
811,Stock Market Trends_811,Healthcare,4055.45,2025-01-18 13:08:21
812,Twitter Sentiment Analysis_812,Healthcare,3840.1,2025-07-21 03:50:35
813,Retail Sales Q3_813,Real Estate,581.98,2025-06-26 10:19:32
814,Stock Market Trends_814,Sales,1885.42,2025-09-21 11:50:26
815,Cybersecurity Attacks 2023_815,Real Estate,4695.93,2025-06-07 13:45:04
816,Stock Market Trends_816,Real Estate,3719.74,2024-01-25 05:55:38
817,Twitter Sentiment Analysis_817,Security,3372.91,2025-01-29 01:56:51
818,Retail Sales Q3_818,Healthcare,2108.04,2025-04-27 11:04:25
819,E-commerce Transactions_819,Sales,4519.44,2024-06-29 12:41:40
820,Customer Churn V2_820,Operations,1922.21,2024-04-26 17:53:20
821,Cybersecurity Attacks 2023_821,Sales,3227.44,2025-01-10 13:54:48
822,Employee Retention Data_822,Sales,2070.26,2024-02-20 01:52:30
823,Employee Retention Data_823,Real Estate,3339.51,2025-05-20 12:01:36
824,Customer Churn V2_824,Environment,2646.64,2025-06-10 16:39:56
825,Traffic Volume Logs_825,Finance,2796.17,2025-01-10 01:17:36
826,E-commerce Transactions_826,Sales,2083.39,2025-04-16 04:54:16
827,Global Temperatures 2024_827,Environment,817.35,2024-01-20 05:05:11
828,Retail Sales Q3_828,Finance,2521.66,2024-02-20 01:32:06
829,E-commerce Transactions_829,Healthcare,1950.55,2024-03-29 19:48:28
830,Stock Market Trends_830,Operations,192.43,2024-04-16 11:28:37
831,Customer Churn V2_831,Sales,4557.6,2023-12-13 14:19:24
832,Movie Ratings Database_832,Environment,3302.08,2025-09-17 21:47:46
833,Employee Retention Data_833,Finance,2093.32,2024-10-13 00:53:29
834,Customer Churn V2_834,Social Media,125.31,2024-09-02 17:26:05
835,E-commerce Transactions_835,Security,1374.84,2024-01-06 09:46:15
836,Cybersecurity Attacks 2023_836,Social Media,2984.2,2025-02-26 11:34:25
837,Customer Churn V2_837,Operations,2457.76,2025-08-15 03:13:45
838,E-commerce Transactions_838,Sales,3919.25,2025-08-08 13:52:07
839,Stock Market Trends_839,Real Estate,3849.18,2024-10-06 22:03:04
840,Customer Churn V2_840,Real Estate,472.14,2024-09-25 14:53:22
841,Twitter Sentiment Analysis_841,Environment,4669.22,2024-01-31 21:57:45
842,Cybersecurity Attacks 2023_842,Finance,1113.67,2024-12-03 05:56:07
843,Traffic Volume Logs_843,Sales,899.67,2025-02-15 00:47:04
844,Patient Health Records_844,Real Estate,1960.5,2025-12-01 02:53:05
845,E-commerce Transactions_845,Operations,4629.19,2024-02-22 18:36:26
846,Retail Sales Q3_846,Finance,991.74,2024-10-28 01:24:48
847,Twitter Sentiment Analysis_847,Sales,2293.43,2024-10-03 06:39:35
848,Twitter Sentiment Analysis_848,Finance,3138.15,2025-08-20 11:18:45
849,Employee Retention Data_849,Environment,4747.17,2024-03-23 04:55:01
850,Retail Sales Q3_850,Environment,3167.31,2025-08-12 11:50:17
851,Traffic Volume Logs_851,Environment,1615.83,2025-11-07 21:23:50
852,Stock Market Trends_852,Healthcare,1329.46,2025-05-20 21:09:13
853,Patient Health Records_853,Finance,178.88,2024-04-21 12:18:00
854,Employee Retention Data_854,Healthcare,3443.8,2025-11-22 19:22:24
855,Employee Retention Data_855,Sales,1495.67,2025-09-10 17:16:27
856,Customer Churn V2_856,Social Media,190.63,2024-10-22 12:37:47
857,Twitter Sentiment Analysis_857,Finance,3176.87,2024-06-30 22:00:50
858,Traffic Volume Logs_858,Environment,645.4,2025-01-16 10:28:19
859,E-commerce Transactions_859,Security,3874.94,2024-06-01 16:47:34
860,Housing Prices Cleaned_860,Security,3784.97,2025-04-11 08:55:35
861,Movie Ratings Database_861,Social Media,4963.26,2025-05-04 16:40:55
862,Movie Ratings Database_862,Security,2310.34,2024-12-19 20:49:22
863,Twitter Sentiment Analysis_863,Finance,677.96,2025-12-09 07:17:44
864,Movie Ratings Database_864,Security,2722.24,2025-01-31 15:26:47
865,Twitter Sentiment Analysis_865,Security,3262.41,2025-05-18 07:11:01
866,Patient Health Records_866,Social Media,1104.01,2025-09-23 19:33:10
867,Employee Retention Data_867,Security,4362.45,2025-09-28 12:10:25
868,Twitter Sentiment Analysis_868,Security,1883.17,2025-01-19 00:19:24
869,Cybersecurity Attacks 2023_869,Operations,4242.2,2025-01-06 22:44:19
870,E-commerce Transactions_870,Security,3087.72,2025-10-05 03:52:30
871,Retail Sales Q3_871,Sales,2611.06,2023-12-24 03:06:28
872,Twitter Sentiment Analysis_872,Environment,1018.03,2025-11-08 14:35:38
873,Global Temperatures 2024_873,Social Media,1508.1,2024-05-07 07:53:46
874,Twitter Sentiment Analysis_874,Social Media,3411.82,2025-09-21 15:13:24
875,E-commerce Transactions_875,Real Estate,1417.29,2024-03-23 12:07:43
876,Movie Ratings Database_876,Real Estate,2487.64,2025-01-05 15:22:22
877,Housing Prices Cleaned_877,Environment,1423.79,2024-05-27 20:22:57
878,Employee Retention Data_878,Real Estate,3248.16,2025-03-17 06:04:59
879,Retail Sales Q3_879,Sales,700.17,2024-08-04 21:54:08
880,Employee Retention Data_880,Real Estate,2870.79,2025-03-05 00:08:32
881,Patient Health Records_881,Real Estate,3258.11,2025-07-30 19:11:02
882,Global Temperatures 2024_882,Operations,146.57,2025-10-08 10:42:14
883,Stock Market Trends_883,Healthcare,3211.58,2024-11-12 02:10:57
884,Employee Retention Data_884,Security,3867.56,2024-04-08 20:45:14
885,Customer Churn V2_885,Healthcare,2062.4,2025-03-31 05:26:40
886,Traffic Volume Logs_886,Operations,2349.11,2024-01-03 20:20:26
887,Global Temperatures 2024_887,Operations,544.48,2024-01-05 17:11:05
888,Cybersecurity Attacks 2023_888,Environment,4134.22,2024-01-14 08:18:40
889,Stock Market Trends_889,Security,509.95,2023-12-19 21:43:08
890,Traffic Volume Logs_890,Environment,4938.8,2025-03-01 05:22:38
891,Global Temperatures 2024_891,Security,4604.83,2024-07-31 08:16:21
892,Customer Churn V2_892,Real Estate,3221.51,2023-12-23 12:02:43
893,Customer Churn V2_893,Finance,267.97,2025-01-08 09:42:36
894,Retail Sales Q3_894,Healthcare,3351.72,2023-12-16 00:52:48
895,Employee Retention Data_895,Real Estate,199.27,2025-10-02 22:08:34
896,Twitter Sentiment Analysis_896,Sales,1645.58,2025-07-09 07:09:46
897,Customer Churn V2_897,Environment,1741.6,2025-10-15 02:39:57
898,Movie Ratings Database_898,Security,510.22,2025-03-20 14:53:07
899,Employee Retention Data_899,Social Media,1382.0,2024-06-13 12:46:29
900,E-commerce Transactions_900,Healthcare,2596.87,2024-09-24 15:33:31
901,Global Temperatures 2024_901,Sales,3004.78,2025-11-13 20:14:15
902,E-commerce Transactions_902,Security,4503.62,2024-10-09 08:33:42
903,Customer Churn V2_903,Environment,3831.4,2024-10-28 03:41:29
904,Housing Prices Cleaned_904,Real Estate,4090.45,2024-03-09 05:49:41
905,Employee Retention Data_905,Environment,1970.71,2025-01-24 08:02:42
906,Housing Prices Cleaned_906,Sales,2618.74,2024-02-29 23:07:59
907,Global Temperatures 2024_907,Finance,4783.34,2025-08-12 22:25:43
908,Global Temperatures 2024_908,Healthcare,4791.57,2025-07-23 19:21:46
909,Customer Churn V2_909,Finance,2302.48,2024-04-09 20:57:21
910,Cybersecurity Attacks 2023_910,Real Estate,2130.5,2025-04-10 01:42:22
911,Twitter Sentiment Analysis_911,Social Media,3990.75,2025-01-16 03:39:29
912,Patient Health Records_912,Healthcare,4575.9,2024-02-28 22:15:39
913,Customer Churn V2_913,Healthcare,2377.53,2025-12-01 02:18:13
914,E-commerce Transactions_914,Security,2577.15,2025-07-13 05:41:59
915,Patient Health Records_915,Environment,3489.63,2025-03-09 23:59:02
916,E-commerce Transactions_916,Real Estate,1367.91,2024-09-08 21:45:09
917,Global Temperatures 2024_917,Finance,4718.43,2024-11-14 18:28:47
918,Employee Retention Data_918,Finance,1925.84,2025-09-28 15:16:40
919,E-commerce Transactions_919,Healthcare,3330.11,2024-07-23 18:22:16
920,Housing Prices Cleaned_920,Real Estate,838.35,2024-05-02 12:38:05
921,Twitter Sentiment Analysis_921,Social Media,2245.91,2024-03-13 09:12:18
922,Employee Retention Data_922,Sales,805.69,2025-09-05 07:32:26
923,Movie Ratings Database_923,Sales,829.42,2025-11-28 19:08:53
924,Cybersecurity Attacks 2023_924,Healthcare,3662.22,2025-03-09 21:15:07
925,Twitter Sentiment Analysis_925,Operations,385.06,2025-07-30 02:36:03
926,Movie Ratings Database_926,Finance,2928.44,2024-08-05 11:27:54
927,Cybersecurity Attacks 2023_927,Environment,3077.07,2025-11-13 15:10:46
928,Twitter Sentiment Analysis_928,Finance,1088.14,2024-10-16 17:52:26
929,Movie Ratings Database_929,Security,3255.35,2025-02-11 00:59:15
930,Global Temperatures 2024_930,Operations,3472.97,2025-01-14 23:11:19
931,Employee Retention Data_931,Operations,3517.9,2024-04-01 19:20:30
932,Stock Market Trends_932,Operations,1846.78,2025-05-29 13:49:28
933,Stock Market Trends_933,Social Media,1283.52,2024-09-09 03:14:34
934,Employee Retention Data_934,Social Media,3048.25,2025-06-11 22:28:02
935,Global Temperatures 2024_935,Operations,3031.39,2025-06-14 21:13:44
936,Housing Prices Cleaned_936,Security,1423.28,2025-11-16 21:48:42
937,Traffic Volume Logs_937,Real Estate,633.04,2023-12-16 15:05:42
938,Customer Churn V2_938,Social Media,238.23,2025-09-25 13:34:44
939,Twitter Sentiment Analysis_939,Security,400.47,2025-10-07 05:46:18
940,Stock Market Trends_940,Real Estate,3948.6,2025-06-12 07:10:03
941,E-commerce Transactions_941,Environment,2481.32,2024-03-25 08:02:30
942,Twitter Sentiment Analysis_942,Environment,252.85,2024-05-26 00:59:32
943,Movie Ratings Database_943,Environment,2861.58,2025-05-02 19:09:33
944,Cybersecurity Attacks 2023_944,Environment,4567.62,2024-04-20 02:41:06
945,Stock Market Trends_945,Environment,4101.39,2025-04-05 19:06:18
946,Retail Sales Q3_946,Real Estate,4.86,2025-02-11 21:27:41
947,Twitter Sentiment Analysis_947,Sales,1246.25,2025-04-17 20:58:03
948,Stock Market Trends_948,Real Estate,3552.39,2025-10-24 06:34:30
949,Retail Sales Q3_949,Operations,3868.61,2025-05-07 09:58:34
950,Stock Market Trends_950,Environment,2503.76,2025-09-15 21:05:30
951,Cybersecurity Attacks 2023_951,Social Media,787.75,2024-04-01 13:00:55
952,Retail Sales Q3_952,Sales,1387.01,2024-11-20 07:45:32
953,Housing Prices Cleaned_953,Real Estate,2197.83,2024-03-24 08:46:30
954,Stock Market Trends_954,Healthcare,4949.2,2024-06-25 22:09:05
955,Movie Ratings Database_955,Environment,419.82,2024-07-29 21:27:15
956,E-commerce Transactions_956,Environment,2923.17,2025-10-18 09:53:27
957,Housing Prices Cleaned_957,Social Media,1280.27,2024-09-05 20:18:55
958,E-commerce Transactions_958,Sales,4224.01,2024-05-19 03:02:56
959,Global Temperatures 2024_959,Finance,3476.84,2024-04-24 18:56:00
960,Customer Churn V2_960,Healthcare,431.03,2025-06-30 23:31:11
961,Employee Retention Data_961,Social Media,1861.51,2024-09-12 20:13:17
962,Retail Sales Q3_962,Environment,4448.3,2024-08-28 23:57:47
963,Stock Market Trends_963,Sales,428.92,2025-01-28 01:42:25
964,Global Temperatures 2024_964,Sales,2590.62,2025-07-01 01:59:02
965,Customer Churn V2_965,Environment,3721.9,2025-07-23 11:06:53
966,Cybersecurity Attacks 2023_966,Social Media,472.4,2024-12-16 20:07:00
967,Housing Prices Cleaned_967,Sales,1453.33,2024-03-30 21:02:16
968,Retail Sales Q3_968,Healthcare,4582.57,2024-01-22 23:52:31
969,E-commerce Transactions_969,Finance,4745.06,2025-10-26 17:14:21
970,Traffic Volume Logs_970,Security,694.31,2024-01-23 19:00:13
971,Retail Sales Q3_971,Operations,1356.54,2025-05-25 08:52:26
972,Employee Retention Data_972,Environment,4617.12,2024-05-21 05:14:49
973,Housing Prices Cleaned_973,Healthcare,3276.09,2024-02-12 19:43:43
974,Twitter Sentiment Analysis_974,Social Media,2215.0,2024-12-20 00:31:30
975,Retail Sales Q3_975,Healthcare,1336.75,2024-07-21 14:32:31
976,Employee Retention Data_976,Finance,4833.68,2024-04-09 06:10:06
977,Customer Churn V2_977,Real Estate,4058.1,2024-11-01 16:14:58
978,Patient Health Records_978,Environment,4986.42,2025-05-17 22:43:34
979,Patient Health Records_979,Sales,3421.43,2024-05-04 00:30:40
980,Movie Ratings Database_980,Operations,2858.1,2025-05-18 16:13:11
981,Global Temperatures 2024_981,Security,456.59,2025-11-08 20:25:13
982,Patient Health Records_982,Security,666.22,2025-11-27 10:42:27
983,Cybersecurity Attacks 2023_983,Environment,3230.05,2025-04-29 22:58:30
984,Global Temperatures 2024_984,Finance,1761.15,2024-03-06 23:30:18
985,Movie Ratings Database_985,Real Estate,3339.58,2025-01-29 00:25:34
986,Retail Sales Q3_986,Real Estate,2506.45,2024-10-16 15:48:40
987,Movie Ratings Database_987,Healthcare,1104.42,2025-07-03 21:49:12
988,Cybersecurity Attacks 2023_988,Real Estate,4984.61,2024-01-18 09:54:00
989,Global Temperatures 2024_989,Social Media,2298.88,2024-10-25 18:31:46
990,Movie Ratings Database_990,Finance,1864.11,2025-04-22 22:39:43
991,Cybersecurity Attacks 2023_991,Healthcare,1067.51,2025-08-17 03:27:22
992,Employee Retention Data_992,Social Media,2032.95,2024-04-29 19:39:29
993,Traffic Volume Logs_993,Finance,2046.99,2024-02-10 18:41:38
994,Stock Market Trends_994,Operations,3223.41,2025-11-05 16:45:24
995,Movie Ratings Database_995,Real Estate,4760.44,2025-06-29 22:16:06
996,Traffic Volume Logs_996,Social Media,3688.54,2025-03-16 14:00:14
997,Housing Prices Cleaned_997,Security,2343.65,2024-12-03 13:31:29
998,Retail Sales Q3_998,Operations,2516.75,2024-12-31 16:04:28
999,Stock Market Trends_999,Finance,4687.34,2025-02-05 05:00:31
1000,Cybersecurity Attacks 2023_1000,Real Estate,2485.62,2025-09-22 12:13:26
